Topic,Freq,Term
1,0.3417178256070653,ability
2,0.05257197317031774,ability
3,0.14457292621837378,ability
4,0.0788579597554766,ability
5,0.06308636780438129,ability
6,0.08937235438954015,ability
7,0.22868808329088217,ability
6,0.9733013699080938,abstract
9,0.9899966558490234,academic
3,0.03871300035503125,accepted
6,0.025808666903354167,accepted
8,0.025808666903354167,accepted
9,0.9033033416173959,accepted
6,0.024598041517951783,access
8,0.024598041517951783,access
9,0.9470245984411436,access
2,0.025535483742315696,accordance
4,0.038303225613473546,accordance
9,0.9320451565945229,accordance
2,0.9740966403001529,acetate
1,0.2576368407806115,acid
2,0.35292717915152266,acid
3,0.19058067674182222,acid
6,0.06352689224727408,acid
9,0.13764159986909383,acid
1,0.9638402208521191,acnes
8,0.9664338694256447,actinomycetemcomitans
1,0.006119740080222746,activities
2,0.24478960320890986,activities
3,0.6609319286640566,activities
7,0.08567636112311845,activities
1,0.1178376263506041,activity
2,0.020057468314996444,activity
3,0.69072906509769,activity
4,0.0839906485690476,activity
6,0.0012535917696872778,activity
7,0.07772268972061122,activity
9,0.007521550618123666,activity
1,0.2148407700638482,adhesion
2,0.11718587458028083,adhesion
3,0.09374869966422467,adhesion
4,0.18359120350910663,adhesion
7,0.26952751153464594,adhesion
8,0.12109207039962352,adhesion
1,0.07509650209994137,advances
6,0.9011580251992964,advances
1,0.03750607151942502,aeruginosa
3,0.43050447309253065,aeruginosa
6,0.5136701099399513,aeruginosa
7,0.01793768637885544,aeruginosa
1,0.8521007206243296,agar
3,0.126237143796197,agar
1,0.06671230923278576,agents
3,0.551488422991029,agents
5,0.031132410975300024,agents
6,0.204584414980543,agents
7,0.14231959302994296,agents
3,0.9914547299832711,agnps
5,0.9907147465202928,agr
7,0.9593369198126724,ahl
7,0.9785709971699846,ahls
6,0.9418108453926635,airway
1,0.01364099561420238,albicans
7,0.9389551981109304,albicans
8,0.045469985380674594,albicans
8,0.956801092945829,alloy
7,0.9512321156418361,als
3,0.9695445758725718,amps
4,0.9902573318824991,amyloid
1,0.18868098879947356,analysis
2,0.22777704954170683,analysis
3,0.09179075130785201,analysis
4,0.1631835578806258,analysis
5,0.16488338660854898,analysis
7,0.045895375653926006,analysis
8,0.04079588947015645,analysis
9,0.030596917102617336,analysis
10,0.045895375653926006,analysis
2,0.989067274760166,anode
2,0.9696719944615492,anodic
1,0.03696448441842964,anti-biofilm
3,0.8224597783100595,anti-biofilm
6,0.0924112110460741,anti-biofilm
9,0.05544672662764445,anti-biofilm
3,0.9334281492533453,antibacterial
8,0.03821050903376267,antibacterial
9,0.02729322073840191,antibacterial
3,0.966982161714662,antibiofilm
9,0.02181162770784952,antibiofilm
1,0.0024535537249008705,antibiotic
3,0.09814214899603481,antibiotic
5,0.21100562034147485,antibiotic
6,0.6600059519983341,antibiotic
7,0.026989090973909575,antibiotic
3,0.2439889309121105,antibiotics
5,0.15819062553642327,antibiotics
6,0.5871821524148593,antibiotics
7,0.0107247881719609,antibiotics
3,0.973218810494062,antifouling
3,0.05341255272122036,antifungal
7,0.9436217647415597,antifungal
1,0.030647034123762656,antimicrobial
3,0.7677888548900539,antimicrobial
5,0.098393109555238,antimicrobial
6,0.09678010775925049,antimicrobial
7,0.006452007183950033,antimicrobial
3,0.9187711055434477,antioxidant
9,0.03168176226011889,antioxidant
2,0.10353425860139608,approaches
3,0.09412205327399643,approaches
6,0.5647323196439786,approaches
7,0.11294646392879572,approaches
10,0.12235866925619536,approaches
5,0.8958649780330026,aquatic
9,0.091414793676837,aquatic
6,0.05764449911420026,article
8,0.014411124778550066,article
9,0.7974155710797702,article
10,0.1248964147474339,article
8,0.9548487667030078,articles
6,0.9207567598537998,aspergillus
1,0.11248959471490567,associated
2,0.05514195819358121,associated
3,0.008822713310972993,associated
4,0.1720429095639734,associated
5,0.29556089591759527,associated
6,0.16101451792525714,associated
7,0.1720429095639734,associated
8,0.019851104949689235,associated
9,0.9920165342253765,attribution
1,0.0052772914240957055,aureus
3,0.7722436450593382,aureus
5,0.179427908419254,aureus
6,0.042218331392765644,aureus
7,0.9795705387493594,auris
1,0.12785672949930835,author
2,0.09189702432762788,author
3,0.09589254712448125,author
4,0.10588135411661473,author
5,0.07791269453864103,author
6,0.09189702432762788,author
7,0.07391717174178764,author
9,0.20976494683480276,author
10,0.12785672949930835,author
1,0.18939563948069976,authors
2,0.34456315134440557,authors
3,0.23959689331895753,authors
5,0.013691251046797573,authors
6,0.15288563668923957,authors
7,0.018255001395730098,authors
8,0.036510002791460196,authors
9,0.0045637503489325245,authors
1,0.0837560659692374,available
2,0.12182700504616349,available
3,0.007614187815385218,available
5,0.022842563446155654,available
6,0.662434339938514,available
8,0.09898444160000783,available
6,0.9380645621569124,azole
6,0.030740869510606297,bacteremia
7,0.922226085318189,bacteremia
1,0.31848995382709916,bacteria
2,0.15114777469760637,bacteria
3,0.1789096108665545,bacteria
4,0.09870875082292661,bacteria
5,0.0023134863474123424,bacteria
6,0.1472919641185858,bacteria
7,0.008482783273845256,bacteria
9,0.019279052895102854,bacteria
10,0.07557388734880319,bacteria
1,0.20956934316683484,bacterial
2,0.05867941608671376,bacterial
3,0.20537795630349814,bacterial
4,0.14111002439900214,bacterial
5,0.05518659370059984,bacterial
6,0.13971289544455656,bacterial
7,0.0006985644772227828,bacterial
8,0.07055501219950107,bacterial
9,0.02165549879390627,bacterial
10,0.09710046233396681,bacterial
1,0.05645815967180961,bactericidal
3,0.9315596345848586,bactericidal
6,0.953086969298703,bacteriophage
6,0.948139530059523,bacteriophages
10,0.8735684915112911,bacteroides
5,0.9415406581117286,bacteroidetes
8,0.9546663639857956,baseline
1,0.01846995868534718,baumannii
7,0.9727511574282848,baumannii
1,0.03795751691718418,behavior
2,0.8856753947342976,behavior
6,0.07591503383436836,behavior
2,0.05331411242125212,benthic
5,0.9329969673719121,benthic
2,0.02502300796216902,binding
3,0.06672802123245072,binding
4,0.9008282866380848,binding
3,0.890041752205852,bioactive
5,0.021191470290615525,bioactive
6,0.06357441087184657,bioactive
1,0.14163950152287347,biological
2,0.6019678814722123,biological
3,0.12646384064542274,biological
4,0.1011710725163382,biological
7,0.02529276812908455,biological
2,0.08706680959245447,biosynthesis
4,0.9079824428927395,biosynthesis
3,0.948137001161871,biosynthesized
5,0.9660150281793702,bla
8,0.9383084250869835,bleeding
1,0.978468433484637,blue
8,0.9847291788361071,bone
1,0.9542063202735119,bovine
3,0.9425942535011795,broad-spectrum
8,0.9811035670548316,brushing
6,0.9794428650370925,burn
4,0.9901901264384684,c-di-gmp
9,0.9845109218190785,canal
9,0.9303838599527584,canals
3,0.11063341846683417,cancer
7,0.16595012770025125,cancer
10,0.719117220034422,cancer
7,0.9507115981085097,candida
8,0.04611660737093517,candida
7,0.9738878524710244,candidiasis
2,0.9619491581712435,carbon
5,0.02990515517630809,carbon
9,0.5269051080003097,caries
10,0.46450845047395717,caries
9,0.9810878462330672,cariogenic
2,0.9621129876789462,cathode
1,0.1248218681302946,cause
3,0.08641513947481934,cause
4,0.09601682163868815,cause
5,0.03840672865547526,cause
6,0.2496437362605892,cause
7,0.3264571935715397,cause
8,0.07681345731095052,cause
8,0.04214469835715238,cavity
9,0.06321704753572857,cavity
10,0.8850386655001999,cavity
1,0.13133330956174483,cell
2,0.1608833042131374,cell
3,0.19043329886453,cell
4,0.3939999286852345,cell
6,0.05089165745517612,cell
7,0.07223332025895965,cell
1,0.1974067873331228,cells
2,0.13413538113660908,cells
3,0.17969079359809897,cells
4,0.28851761225610256,cells
6,0.12654281239302745,cells
7,0.06453683432044399,cells
10,0.007592568743581647,cells
1,0.9820017471321787,cereus
1,0.29043571698017284,chemical
2,0.5452038897697982,chemical
3,0.14267017676219018,chemical
6,0.015286090367377518,chemical
10,0.0050953634557925065,chemical
4,0.9700461889338927,chemotaxis
1,0.9546243864958064,chlorine
4,0.971892948121284,cholerae
3,0.01824058412746216,chronic
6,0.8512272592815674,chronic
8,0.1276840888922351,chronic
9,0.9869883015134049,chx
9,0.9874347378965265,cited
8,0.9842280299799311,cleaning
1,0.02194081366737629,clinical
3,0.05485203416844073,clinical
5,0.24573711307461443,clinical
6,0.2742601708422036,clinical
7,0.19966140437312424,clinical
8,0.19966140437312424,clinical
5,0.9466112374009155,clone
5,0.9814529637549141,clones
3,0.8461046322032226,coatings
8,0.14284883400833628,coatings
2,0.9859080976730935,cod
1,0.1642274574270876,coli
3,0.2889186751032097,coli
4,0.27675367825675873,coli
5,0.2645886814103078,coli
1,0.34613978250945787,collected
2,0.02596048368820934,collected
5,0.6057446193915513,collected
7,0.017306989125472894,collected
10,0.9273000211313976,colon
1,0.8702492213939401,colonies
2,0.09257970440361064,colonies
10,0.01851594088072213,colonies
1,0.896616573058424,colony
9,0.09367635837923832,colony
10,0.8866143301245147,colorectal
4,0.1545655755753646,commensal
7,0.2627614784781198,commensal
10,0.571892629628849,commensal
9,0.9953936633096206,commons
1,0.022881291579550274,communities
2,0.4042361512387215,communities
5,0.3165245335171121,communities
6,0.05720322894887568,communities
10,0.19449097842617732,communities
2,0.3889486136840502,community
4,0.007270067545496265,community
5,0.4471091540480203,community
6,0.02544523640923693,community
10,0.13086121581893279,community
1,0.4134526196184481,compared
2,0.10736062498379591,compared
3,0.14619319146729656,compared
4,0.02284268616676509,compared
5,0.0776651329670013,compared
7,0.08908647605038383,compared
8,0.08451793881703082,compared
9,0.04568537233353018,compared
10,0.011421343083382544,compared
9,0.9879416723517204,comply
1,0.142523861179034,composition
2,0.3431129991347115,composition
5,0.20058913795567748,composition
9,0.06334393830179288,composition
10,0.24281843015687274,composition
2,0.1349997831291638,compound
3,0.7109988578135961,compound
7,0.14399976867110806,compound
1,0.09430624857848281,compounds
2,0.1546622476687118,compounds
3,0.6978662394807729,compounds
5,0.01508899977255725,compounds
7,0.033950249488253814,compounds
1,0.2669840800240161,concentration
2,0.20023806001801206,concentration
3,0.531298319247792,concentration
1,0.4320663405313249,concentrations
2,0.08641326810626498,concentrations
3,0.33671376882786014,concentrations
4,0.023838142925866203,concentrations
5,0.11323117889786447,concentrations
7,0.005959535731466551,concentrations
1,0.30076198777147306,conclusion
2,0.036091438532576764,conclusion
3,0.1844673524998368,conclusion
5,0.18045719266288382,conclusion
7,0.016040639347811896,conclusion
8,0.25665022956499034,conclusion
9,0.02005079918476487,conclusion
1,0.30279207141862136,conditions
2,0.4020681604083333,conditions
4,0.10672179566394031,conditions
5,0.017373315573199585,conditions
6,0.09927608898971192,conditions
7,0.03971043559588477,conditions
10,0.032264728921656376,conditions
4,0.9592021572940078,conserved
6,0.017763002912851995,conserved
1,0.9180166570637192,contaminated
5,0.06885124927977894,contaminated
1,0.41625550211318085,control
2,0.07095264240565582,control
3,0.085143170886787,control
4,0.12061949208961491,control
5,0.023650880801885276,control
6,0.0023650880801885277,control
7,0.05676211392452466,control
8,0.17501651793395104,control
9,0.04730176160377055,control
10,0.0023650880801885277,control
1,0.03888722764296233,copyright
4,0.31109782114369866,copyright
5,0.08209525835736492,copyright
6,0.06913284914304414,copyright
7,0.012962409214320778,copyright
9,0.483929944001309,copyright
2,0.9918214176752688,corrosion
1,0.9927288397026094,count
9,0.9953936635183287,creative
9,0.9962633515114485,credited
6,0.9491607845526879,crispr-cas
1,0.8503304349512144,culture
2,0.06363016860179156,culture
5,0.0347073646918863,culture
6,0.046276486255848404,culture
1,0.8576392608994381,cultured
7,0.13194450167683663,cultured
3,0.9786202354070649,curcumin
1,0.024752862327675627,current
2,0.509908963950118,current
3,0.09406087684516738,current
5,0.009901144931070251,current
6,0.2821826305355022,current
7,0.029703434793210755,current
8,0.04950572465535125,current
6,0.9722756052155571,cystic
3,0.9656719613068347,cytotoxic
3,0.8364971924796099,cytotoxicity
7,0.1533578186212618,cytotoxicity
1,0.9712259716403426,daily
1,0.28578080604288175,days
2,0.3048328597790739,days
5,0.01270136915746141,days
8,0.39374244388130375,days
2,0.7598354506111302,degradation
4,0.07598354506111303,degradation
7,0.12347326072430867,degradation
9,0.037991772530556515,degradation
4,0.9822065604406289,deletion
5,0.9634740978709885,denitrification
8,0.5337502848780796,dental
9,0.2997213138161524,dental
10,0.16423085688556296,dental
9,0.9803129897156698,dentin
8,0.984676426331357,dentistry
8,0.979729446943306,denture
1,0.19835572024665069,detected
2,0.04628300139088516,detected
5,0.6611857341555023,detected
7,0.09256600278177032,detected
1,0.04225437896761399,development
2,0.19718710184886531,development
3,0.20563797764238811,development
4,0.04225437896761399,development
5,0.005633917195681866,development
6,0.2225397292294337,development
7,0.1352140126963648,development
9,0.04225437896761399,development
10,0.10422746812011452,development
6,0.9370895799834826,diabetic
1,0.2889866051301053,different
2,0.2675801899352827,different
3,0.04102896245674335,different
4,0.0820579249134867,different
5,0.14092556669924888,different
6,0.04102896245674335,different
7,0.017838679329018847,different
8,0.051732170054154654,different
9,0.0071354717316075384,different
10,0.06243537765156596,different
4,0.9802891706297756,difficile
2,0.13266836731930456,discuss
6,0.8402329930222623,discuss
1,0.004011308802347333,disease
4,0.144407116884504,disease
5,0.04011308802347333,disease
6,0.10028272005868333,disease
7,0.30084816017605,disease
8,0.12836188167511467,disease
9,0.024067852814084,disease
10,0.25672376335022934,disease
1,0.06982911727721273,diseases
6,0.3047088753914738,diseases
7,0.22218355497294964,diseases
8,0.10791772670114697,diseases
10,0.29201267225016236,diseases
8,0.9397007094633301,disks
2,0.9409547509786863,dissolved
5,0.047047737548934314,dissolved
1,0.030211265884655586,distributed
4,0.05438027859238006,distributed
9,0.9123802297165987,distributed
1,0.0033814827718987315,distribution
2,0.16907413859493656,distribution
5,0.10482596592886068,distribution
9,0.7168743476425311,distribution
1,0.014193400847172319,diversity
2,0.15612740931889552,diversity
5,0.6528964389699267,diversity
10,0.17032081016606782,diversity
1,0.09064088580461863,does
2,0.05438453148277118,does
6,0.0997049743850805,does
7,0.04532044290230931,does
9,0.6979348206955635,does
4,0.937121835779848,domain
6,0.043251777035992985,domain
4,0.966497226367249,domains
3,0.9636167752811354,doped
3,0.9482831104687995,dressing
1,0.028860829403801476,dynamics
2,0.8658248821140442,dynamics
6,0.10101290291330516,dynamics
10,0.9613954466076825,dysbiosis
9,0.9561954831829899,edta
1,0.46058309582275536,effect
2,0.08564561699183468,effect
3,0.35400188356625,effect
7,0.019032359331518818,effect
9,0.07993590919237903,effect
1,0.20134399282729307,effective
2,0.0565176120216963,effective
3,0.5263202619520468,effective
6,0.06711466427576436,effective
7,0.017661753756780092,effective
8,0.12716462704881668,effective
10,0.007064701502712037,effective
1,0.4268251017709879,effects
2,0.06566540027245968,effects
3,0.3146467096388693,effects
4,0.03556875848091566,effects
6,0.03830481682560148,effects
7,0.02462452510217238,effects
9,0.021888466757486562,effects
10,0.07113751696183132,effects
1,0.028729521623358636,efficiency
2,0.7756970838306833,efficiency
3,0.18195363694793804,efficiency
5,0.9650091769557319,effluent
4,0.09049986808797847,efflux
6,0.8597487468357955,efflux
7,0.045249934043989234,efflux
2,0.9565950093202094,electricity
2,0.9848466248521051,electrochemical
2,0.9554354172323642,electrode
2,0.9612216565833016,electrodes
1,0.333297203040025,electron
2,0.4129987081148136,electron
3,0.2427273109095834,electron
8,0.01086838705565299,electron
7,0.945140617790433,elegans
9,0.9797575900569623,enamel
1,0.02799508834424042,energy
2,0.8818452828435732,energy
4,0.08398526503272126,energy
1,0.9839895262838436,enterica
4,0.9661077943926917,envelope
7,0.9718372406685418,eos
3,0.20608257763440557,epidermidis
5,0.6248955579881976,epidermidis
6,0.1595478020395398,epidermidis
2,0.6540896272155764,eps
9,0.34555678418936114,eps
1,0.030284862078897846,eradication
3,0.8328337071696907,eradication
6,0.12113944831559138,eradication
7,0.9586619379478282,esp
1,0.789696623258588,exposed
2,0.07289507291617735,exposed
3,0.08504425173554024,exposed
9,0.04859671527745157,exposed
1,0.6884443616382453,exposure
2,0.02573623781825216,exposure
4,0.07720871345475648,exposure
5,0.01930217836368912,exposure
6,0.13511524854582385,exposure
9,0.04503841618194128,exposure
4,0.8163475026370993,expression
6,0.014887796400676584,expression
7,0.1662470598075552,expression
1,0.26489718955018027,extract
3,0.7081945271647677,extract
9,0.02703032546430411,extract
3,0.9557151709818968,extracts
9,0.03762658153472035,extracts
1,0.05378622942984528,factors
2,0.023904990857709016,factors
4,0.15239431671789497,factors
5,0.23606178471987652,factors
6,0.06872684871591342,factors
7,0.42730171158154867,factors
8,0.02988123857213627,factors
10,0.005976247714427254,factors
3,0.07447860288529592,faecalis
7,0.45751141772396064,faecalis
9,0.4628313179300532,faecalis
3,0.08706500670465606,faecium
7,0.8706500670465606,faecium
6,0.9904667360172749,fibrosis
2,0.9823386343326685,film
4,0.9775975475209725,fima
4,0.9683189118697837,fimbriae
5,0.9300842930551638,fish
7,0.06370440363391533,fish
4,0.9740296998189923,flagellar
1,0.16288113150360453,flow
2,0.6441208382187997,flow
3,0.014807375591236776,flow
9,0.03701843897809194,flow
10,0.133266380321131,flow
7,0.9769090168235406,fluconazole
2,0.9486692741571532,flux
1,0.6533526578727514,food
2,0.1479289036693022,food
3,0.018491112958662775,food
7,0.09245556479331388,food
10,0.08629186047375963,food
6,0.936985141301413,foot
1,0.32723893903447154,formation
2,0.047311653836309135,formation
3,0.11565070937764456,formation
4,0.2700706906489313,formation
5,0.03482663407394978,formation
6,0.018398976491898,formation
7,0.15967683169754332,formation
8,0.00525685042625657,formation
9,0.021684508008308356,formation
3,0.9170222505639734,formulation
9,0.07435315545113297,formulation
9,0.987941675780009,forums
2,0.964482835703849,fouling
10,0.9767816772730871,francis
3,0.9575759014716668,fruit
2,0.9688674042910682,fuel
1,0.04071995386903275,function
2,0.162879815476131,function
4,0.699025874751729,function
5,0.04750661284720488,function
6,0.04750661284720488,function
7,0.006786658978172126,function
1,0.020355381824265283,functions
2,0.061066145472795846,functions
4,0.8142152729706114,functions
10,0.10177690912132642,functions
2,0.9652558347078233,fundamental
7,0.996162763825297,fungal
1,0.07949473980001397,fungi
7,0.9062400337201593,fungi
2,0.028222559103174727,fungus
6,0.028222559103174727,fungus
7,0.931344450404766,fungus
10,0.9773337798245271,fusobacterium
10,0.9727529251707565,gastric
1,0.0043021210530668486,gene
2,0.03011484737146794,gene
4,0.44957165004548566,gene
5,0.3441696842453479,gene
7,0.14627211580427285,gene
10,0.02581272631840109,gene
1,0.1287263957068188,genera
5,0.858175971378792,genera
4,0.5926496729128815,genes
5,0.2879454709011173,genes
7,0.11883463878458807,genes
5,0.9343399149547229,genotype
8,0.9921450853429034,gingival
8,0.07617460388901896,gingivalis
10,0.9140952466682275,gingivalis
8,0.9360286840204121,gingivitis
6,0.9902213279375478,glabrata
9,0.15342091314499323,gordonii
10,0.7977887483539647,gordonii
8,0.9496490051583806,grade
1,0.08540061224901177,gram-positive
3,0.7306496825748785,gram-positive
4,0.12335643991523922,gram-positive
7,0.05693374149934118,gram-positive
2,0.9422652016247205,granular
2,0.9606381361146509,granules
5,0.9506472525572885,groundwater
1,0.07283267608588889,group
2,0.036416338042944446,group
3,0.005602513545068377,group
4,0.07003141931335471,group
5,0.07283267608588889,group
7,0.028012567725341882,group
8,0.5266362732364274,group
9,0.07003141931335471,group
10,0.11205027090136753,group
1,0.033808308540213806,groups
2,0.16058946556601558,groups
3,0.033808308540213806,groups
4,0.033808308540213806,groups
5,0.11832907989074833,groups
8,0.5874193608862149,groups
9,0.033808308540213806,groups
1,0.521367486795019,growth
2,0.1685387344020152,growth
3,0.0866320597393536,growth
4,0.11498437019950569,growth
6,0.029927438819049426,growth
7,0.05670462092030418,growth
9,0.022051797024562735,growth
9,0.9413814751672397,gtfb
4,0.04221476830969934,gut
5,0.028143178873132894,gut
7,0.04221476830969934,gut
10,0.8865101345036861,gut
8,0.929435586160318,hardness
1,0.17085392947029246,health
3,0.1110550541556901,health
5,0.1836679741805644,health
6,0.24773819773192407,health
7,0.042713482367573115,health
10,0.23492415302165215,health
1,0.09084893199466688,healthy
5,0.20441009698800047,healthy
7,0.06813669899600015,healthy
10,0.6359425239626681,healthy
2,0.9861963704496236,heavy
4,0.978485209979738,hfq
1,0.1162938347100221,high
2,0.27060680769062834,high
3,0.1923321112511904,high
4,0.029073458677505524,high
5,0.22587840972523524,high
6,0.05814691735501105,high
7,0.10734815511694347,high
1,0.17909289580361878,higher
2,0.29747633540262103,higher
3,0.06374492901484737,higher
4,0.03946114653300075,higher
5,0.3065827538333135,higher
8,0.04856756496369323,higher
9,0.05767398339438572,higher
1,0.015884563041617974,host
4,0.4098217264737437,host
6,0.38440642560715493,host
7,0.09213046564138425,host
10,0.09848429085803144,host
1,0.10363316194742084,human
3,0.17025448034219137,human
4,0.13817754926322778,human
5,0.13571009302638443,human
6,0.16038465539481794,human
7,0.15544974292113126,human
10,0.13817754926322778,human
3,0.9558083749695279,hydrogel
7,0.9620165438747434,hyphae
7,0.9787519017835873,hyphal
1,0.10706755946796581,identified
2,0.030112751100365383,identified
4,0.2843982048367842,identified
5,0.3278944008706453,identified
6,0.013383444933495726,identified
7,0.18736822906894016,identified
10,0.04684205726723504,identified
3,0.006175839802168722,immune
4,0.26556111149325506,immune
6,0.487891344371329,immune
7,0.1729235144607242,immune
10,0.0555825582195185,immune
8,0.9887383539567917,implant
8,0.9688951032596629,implantation
3,0.020084236044861987,implants
8,0.9740854481758064,implants
1,0.14501577516239986,important
2,0.13133504165651308,important
3,0.04925064062119241,important
4,0.36937980465894305,important
5,0.08208440103532068,important
6,0.07661210763296597,important
7,0.1176543081506263,important
10,0.027361467011773558,important
1,0.33029428383021064,increased
2,0.2058355681840443,increased
3,0.03350811575089094,increased
4,0.2058355681840443,increased
5,0.05265561046568575,increased
6,0.0861637262165767,increased
7,0.01914749471479482,increased
9,0.02872124207219223,increased
10,0.03829498942958964,increased
3,0.0385818408253348,infection
4,0.0020306232013334105,infection
5,0.09137804406000347,infection
6,0.4061246402666821,infection
7,0.3208384658106789,infection
8,0.14011300089200532,infection
1,0.0014983117079880352,infections
3,0.24122818498607365,infections
5,0.050942598071593195,infections
6,0.4659749411842789,infections
7,0.23972987327808562,infections
10,0.990483719607837,informa
1,0.33941785671672575,inhibition
3,0.5866481474116247,inhibition
4,0.0502841269209964,inhibition
7,0.008380687820166068,inhibition
9,0.016761375640332137,inhibition
1,0.21563267485791116,inhibitory
3,0.750567579793883,inhibitory
4,0.0248806932528359,inhibitory
9,0.004146782208805984,inhibitory
8,0.9763388618775495,inocula
1,0.008867981655293032,interactions
2,0.23500151386526535,interactions
3,0.05320788993175819,interactions
4,0.21283155972703277,interactions
6,0.09311380738057684,interactions
7,0.004433990827646516,interactions
10,0.38575720200524694,interactions
1,0.021862710312380955,involved
2,0.04372542062476191,involved
3,0.030607794437333337,involved
4,0.7651948609333334,involved
5,0.017490168249904764,involved
6,0.04372542062476191,involved
7,0.030607794437333337,involved
10,0.04372542062476191,involved
1,0.26380321929930384,isolated
2,0.017586881286620254,isolated
3,0.056278020117184815,isolated
5,0.46429366596677474,isolated
6,0.017586881286620254,isolated
7,0.1793861891235266,isolated
1,0.026207724096431236,isolates
5,0.8860706718317227,isolates
6,0.03119967154337052,isolates
7,0.05615940877806693,isolates
6,0.029077997419087117,joint
7,0.029077997419087117,joint
8,0.9014179199917006,joint
2,0.022269458871428942,journal
5,0.011134729435714471,journal
8,0.03340418830714341,journal
9,0.9130478137285866,journal
4,0.9872150597504729,kinase
7,0.9603984471581446,lactone
5,0.9681867902085185,lake
1,0.9629562932820883,leaves
1,0.9765714713532946,legionella
1,0.3209297420198648,levels
3,0.007463482372554995,levels
4,0.5485659543827921,levels
6,0.02985392949021998,levels
7,0.07090308253927245,levels
9,0.022390447117664986,levels
9,0.9958545018275116,license
6,0.9196281875515926,lifestyles
5,0.9394521226502802,lineage
5,0.9443934106787877,linezolid
3,0.9726487540256878,loaded
3,0.9780959706789295,lock
4,0.987098079415562,lps
6,0.9114091145972625,lung
10,0.07233405671406845,lung
6,0.9447762933713871,lytic
1,0.08636514020106464,major
2,0.047108258291489805,major
3,0.16487890402021432,major
4,0.20413578592978915,major
5,0.12954771030159695,major
6,0.2865752379398963,major
7,0.03140550552765987,major
9,0.03140550552765987,major
10,0.01962844095478742,major
2,0.6453326076542888,marine
3,0.035457835585400485,marine
10,0.31202895315152424,marine
1,0.9341683514683108,mastitis
1,0.019316125674435764,material
2,0.2704257594421007,material
3,0.10301933693032407,material
8,0.579483770233073,material
10,0.032193542790726275,material
1,0.1003809524051174,materials
2,0.07756709958577253,materials
3,0.36045887454564884,materials
5,0.031939393947082804,materials
8,0.4243376624398144,materials
1,0.05648393911390333,matrix
2,0.26069510360263076,matrix
3,0.021724591966885896,matrix
4,0.46925118648473535,matrix
6,0.1042780414410523,matrix
9,0.08689836786754358,matrix
2,0.9557410145457609,matter
5,0.02389352536364402,matter
5,0.9402203644777728,mbbr
3,0.9357735972213458,mbc
9,0.028356775673374114,mbc
3,0.9525767261192651,mbic
3,0.19030383748676657,mdr
5,0.7947983800917898,mdr
2,0.12126123719512165,mechanisms
4,0.29396663562453734,mechanisms
6,0.3821566263118985,mechanisms
7,0.10288832246858806,mechanisms
10,0.09553915657797463,mechanisms
1,0.7267240060677853,media
2,0.17032593892213718,media
6,0.05677531297404573,media
7,0.04542025037923658,media
7,0.9710359426849157,medicinal
1,0.5820186046691652,medium
2,0.14774318426217273,medium
9,0.2686239713857686,medium
7,0.9671016513727987,mellonella
5,0.9472998505646093,meropenem
4,0.9823930202048317,messenger
1,0.0370654212052029,metabolism
2,0.14084860057977103,metabolism
4,0.7413084241040581,metabolism
5,0.00741308424104058,metabolism
6,0.02223925272312174,metabolism
9,0.04447850544624348,metabolism
8,0.9570864643348556,methacrylate
3,0.9593328689191613,methanol
1,0.38660056989279107,methods
2,0.014407474654389728,methods
3,0.13206851766523917,methods
5,0.1560809754225554,methods
6,0.0024012457757316215,methods
7,0.01680872043012135,methods
8,0.2833470015363313,methods
9,0.0024012457757316215,methods
2,0.9885925365711442,mfcs
1,0.0701288408727537,mic
3,0.9016565255068334,mic
9,0.02504601459741204,mic
3,0.2578314853268355,mice
7,0.7219281589151393,mice
10,0.9728342750522453,microalgae
1,0.07160110442408847,microbial
2,0.6260933782199364,microbial
3,0.021646845523561633,microbial
5,0.0649405365706849,microbial
6,0.008325709816754474,microbial
8,0.023311987486912527,microbial
10,0.18316561596859843,microbial
10,0.9887002871462176,microbiome
1,0.06030707749839997,microbiota
5,0.12922945178228565,microbiota
10,0.8098378978356567,microbiota
1,0.42481591396683194,microorganisms
2,0.3865442100058561,microorganisms
3,0.02296302237658551,microorganisms
7,0.019135851980487926,microorganisms
10,0.14925964544780582,microorganisms
1,0.528277885670068,microscopy
2,0.1552002827957262,microscopy
3,0.26264663242353664,microscopy
8,0.011938483291978937,microscopy
9,0.035815449875936815,microscopy
10,0.005969241645989469,microscopy
1,0.9781727090927331,microtiter
1,0.9633810617886701,milk
1,0.8321683696572261,min
2,0.023441362525555662,min
8,0.046882725051111324,min
9,0.08204476883944482,min
1,0.11991648245104958,minimum
3,0.8746849308194204,minimum
3,0.9825161147792453,mirabilis
10,0.9473350739379888,mitis
3,0.9786133855557373,ml-
5,0.94644322570691,mlst
1,0.05098216710844957,models
2,0.19373223501210837,models
3,0.040785733686759654,models
6,0.591393138458015,models
10,0.12235720106027896,models
1,0.9287259697947424,monocytogenes
4,0.029958902251443306,monocytogenes
7,0.9540696786824667,morphogenesis
3,0.17912266922379178,mortality
5,0.1641957801218091,mortality
7,0.6567831204872364,mortality
3,0.04256776066249386,motility
4,0.9304096259087945,motility
10,0.024324434664282208,motility
4,0.9836385138899587,mrna
3,0.5725245240763647,mrsa
5,0.4221645480563093,mrsa
8,0.12192625822364968,mucosa
10,0.8534838075655478,mucosa
10,0.9697221849838408,mucus
9,0.9952206009439519,mutans
4,0.9974378164289277,mutant
6,0.9335940273915265,nac
1,0.968576384895513,nacl
9,0.9287206141763745,naf
3,0.9601953333875975,nanoparticle
3,0.9971508617725069,nanoparticles
9,0.990099922635326,naocl
7,0.9520557899923829,neutrophil
1,0.06948544708432676,new
2,0.14175031205202657,new
3,0.3085153850544108,new
4,0.06114719343420754,new
6,0.2723829525705609,new
7,0.08060311861781903,new
8,0.01945592518361149,new
10,0.04725010401734219,new
2,0.9830958095257184,nitrogen
7,0.9448591946035765,non-albicans
3,0.9894575631061031,nps
4,0.05869725340652722,nthi
6,0.9391560545044355,nthi
10,0.9716159069893816,nucleatum
1,0.16370630870585187,nutrient
2,0.8059387505518861,nutrient
5,0.01259279297737322,nutrient
1,0.4755940028525523,observed
2,0.11175159629868715,observed
3,0.10135609896857672,observed
4,0.08836172730593868,observed
5,0.14813583695407367,observed
6,0.04418086365296934,observed
7,0.010395497330110432,observed
9,0.020790994660220864,observed
1,0.9597971091607688,ocular
1,0.15783740883296354,oil
3,0.8385112344251188,oil
10,0.9215277923931375,olive
7,0.9597360148112755,ompa
6,0.9804839498681232,omvs
1,0.035303932621386126,open
2,0.27360547781574246,open
6,0.017651966310693063,open
9,0.6707747198063364,open
9,0.9892750662931254,open-access
2,0.9834237763564738,operation
4,0.9644733620097419,operon
7,0.02052070982999451,operon
1,0.1925289071992804,opportunistic
6,0.23628547701729866,opportunistic
7,0.5600840936706338,opportunistic
8,0.10089145060267236,oral
9,0.08612684807545203,oral
10,0.809592371909249,oral
1,0.13670472144352802,organic
2,0.6403536951828417,organic
5,0.1510946921217941,organic
9,0.06475486805219748,organic
9,0.996191927472639,original
10,0.9245168238266503,oryzae
6,0.9591636387417203,overview
9,0.9879416743034399,owner
2,0.10964584533714822,oxidative
4,0.8771667626971857,oxidative
1,0.0730675850928294,oxygen
2,0.7712689537576437,oxygen
3,0.0974234467904392,oxygen
4,0.0487117233952196,oxygen
3,0.9330618931559453,ozone
3,0.9389907179257735,packaging
7,0.9795672725034836,parahaemolyticus
7,0.93744260163363,parapsilosis
1,0.13358643819508403,pathogen
4,0.25190585488215844,pathogen
6,0.20228803498112724,pathogen
7,0.4122095807162593,pathogen
1,0.21314667622086192,pathogenic
7,0.6140654243505784,pathogenic
10,0.16747238845924867,pathogenic
1,0.22312253018620934,pathogens
3,0.16385560810549749,pathogens
6,0.3556015324842712,pathogens
7,0.20917737204957126,pathogens
10,0.0488080534782333,pathogens
2,0.08836537547490288,pathways
4,0.8041249168216161,pathways
7,0.09720191302239316,pathways
5,0.3342898185305365,patients
6,0.16592487343121523,patients
7,0.056121648366440444,patients
8,0.4074919685737197,patients
10,0.03660107502159159,patients
1,0.22316828746389575,pcr
5,0.6792078314118566,pcr
7,0.0970296902016938,pcr
8,0.9708717761270882,peek
3,0.847732235946717,peptide
4,0.1464264771180693,peptide
3,0.9690277307133432,peptides
7,0.02227649955662858,peptides
1,0.9006199424469152,percentage
3,0.06927845711130118,percentage
1,0.0770912506840671,performance
2,0.9154586018732966,performance
7,0.09501613452757371,periodontal
8,0.8989988112993512,periodontal
8,0.6701884657408643,periodontitis
10,0.320090013488174,periodontitis
9,0.9942853951931186,permits
9,0.9905618445973989,permitted
6,0.9485322139118627,persisters
5,0.9719207239453773,pfge
6,0.9933238829866675,phage
6,0.986740224472511,phages
5,0.9710037437789266,phosphorus
2,0.031172168853906855,phylogenetic
5,0.9351650656172057,phylogenetic
4,0.9568462439687776,pili
3,0.9687009990629628,pji
1,0.47434595459712176,planktonic
2,0.03234176963162194,planktonic
3,0.22279885746228448,planktonic
6,0.25873415705297553,planktonic
7,0.0035935299590691043,planktonic
8,0.0035935299590691043,planktonic
1,0.6826546892164891,plant
2,0.07876784875574874,plant
4,0.22317557147462144,plant
5,0.01312797479262479,plant
8,0.7381876535112899,plaque
9,0.03834741057201506,plaque
10,0.2204976107890866,plaque
1,0.7888463239223472,plasma
3,0.20451571360949744,plasma
1,0.9825076030651917,plate
1,0.9726063776297755,pneumophila
8,0.9795005127545748,polishing
5,0.9388298405859162,pollutants
3,0.9534097681385806,poly
1,0.27016287692177343,polymicrobial
7,0.062345279289640024,polymicrobial
10,0.6442345526596136,polymicrobial
1,0.9130446211362324,polystyrene
3,0.032608736469151155,polystyrene
6,0.9469690844401956,porcine
10,0.9709547215667871,porphyromonas
3,0.980339961349362,potent
1,0.166905715888595,potential
2,0.14951970381686638,potential
3,0.3303342293628443,potential
4,0.03477202414345729,potential
5,0.06085104225105027,potential
6,0.07649845311560605,potential
7,0.17038291830294075,potential
9,0.0034772024143457296,potential
10,0.006954404828691459,potential
1,0.9709384968526447,poultry
2,0.9780412460302073,power
3,0.04414863775458092,practice
5,0.06622295663187139,practice
6,0.04414863775458092,practice
9,0.8498612767756828,practice
1,0.2770272908715573,presence
2,0.14724874019298992,presence
3,0.034940379028845066,presence
4,0.06738501669848691,presence
5,0.2096422741730704,presence
6,0.009982965436812876,presence
7,0.08735094757211267,presence
8,0.0399318617472515,presence
9,0.062393533980080476,presence
10,0.0648892753392837,presence
4,0.025550321106873507,prevalence
5,0.8431605965268257,prevalence
7,0.12775160553436754,prevalence
1,0.8737653117714459,probiotic
9,0.12051935334778564,probiotic
1,0.06421901864676363,process
2,0.716289054136979,process
3,0.05433916962418461,process
4,0.0938585657145007,process
7,0.06421901864676363,process
2,0.6284119007249761,processes
3,0.006347594956817941,processes
4,0.2539037982727176,processes
5,0.0317379747840897,processes
6,0.07617113948181528,processes
1,0.08897686055166501,production
2,0.27048965607706166,production
3,0.019574909321366303,production
4,0.30430086308669435,production
5,0.08185871170753181,production
7,0.23311937464536234,production
1,0.11331799475173905,properties
2,0.21873008289289167,properties
3,0.4506366768034274,properties
7,0.07642376390233564,properties
8,0.1212239013623255,properties
9,0.015811813221172893,properties
6,0.9707075600846654,prophage
6,0.9512161035008163,prophages
9,0.9705921764525082,propolis
7,0.9711911856857531,protease
1,0.002769447300098903,protein
2,0.06646673520237367,protein
3,0.049850051401780254,protein
4,0.6729756939240334,protein
7,0.1827835218065276,protein
9,0.022155578400791225,protein
2,0.056123026459755955,proteins
4,0.8578805473134125,proteins
6,0.0026725250695121884,proteins
7,0.03474282590365845,proteins
9,0.042760401112195014,proteins
10,0.008017575208536565,proteins
5,0.9567588045876444,proteobacteria
4,0.9748649312977021,proteomic
2,0.10300606987272799,provided
3,0.016264116295693895,provided
5,0.03794960468995242,provided
6,0.07047783728134022,provided
9,0.7698348379961777,provided
1,0.22641144689245904,pseudomonas
2,0.0032344492413208434,pseudomonas
3,0.3137415764081218,pseudomonas
4,0.08733012951566277,pseudomonas
6,0.36225831502793443,pseudomonas
7,0.006468898482641687,pseudomonas
9,0.9934846239206585,publication
1,0.31106879251955744,published
2,0.2192780012842782,published
3,0.08669130283331929,published
5,0.0050994884019599585,published
7,0.08669130283331929,published
8,0.045895395617639625,published
10,0.244775443294078,published
6,0.9779939550545367,pulmonary
6,0.9565983208211679,pump
10,0.9592415910674059,pylori
7,0.9771342625868715,pyocyanin
7,0.9421240926494325,pyogenes
3,0.006415841712482604,quorum
6,0.05774257541234344,quorum
7,0.9302970483099777,quorum
2,0.986372837306239,reactor
2,0.9399605897693528,reactors
5,0.04820310716765912,reactors
6,0.9643526725863054,recurrence
1,0.4327344918015933,reduced
2,0.03994472232014707,reduced
3,0.26962687566099275,reduced
4,0.20970979218077213,reduced
7,0.04660217604017158,reduced
1,0.9398433485161308,reductions
2,0.020549464702807878,regulate
4,0.9452753763291625,regulate
4,0.911730706843624,regulated
7,0.07928093102988035,regulated
4,0.956646167075856,regulates
4,0.9890317634322673,regulation
4,0.9942698445609489,regulator
4,0.9043450863745321,regulatory
6,0.08315816886202594,regulatory
2,0.773446090547413,removal
5,0.08286922398722282,removal
8,0.127066143447075,removal
9,0.011049229864963043,removal
1,0.9776750863920409,representing
9,0.9939106302652719,reproduction
1,0.1457999427925043,research
2,0.24927086993557188,research
3,0.05173546357153379,research
6,0.1975354063640381,research
7,0.12228382298726168,research
9,0.02351611980524263,research
10,0.2163483022082322,research
1,0.9685575270491379,reservoirs
8,0.9824026277885051,resin
8,0.9787472219867012,resins
1,0.010628404234279987,resistance
2,0.02657101058569997,resistance
3,0.09698418863780489,resistance
4,0.05978477381782493,resistance
5,0.3308090817919646,resistance
6,0.38793675455121956,resistance
7,0.08901288546209489,resistance
1,0.0073830095514156955,resistant
3,0.30270339160804355,resistant
5,0.4171400396549868,resistant
6,0.21410727699105517,resistant
7,0.059064076411325564,resistant
2,0.04257549755020349,respiratory
4,0.10643874387550872,respiratory
6,0.8515099510040698,respiratory
1,0.03584431590576276,response
2,0.12744645655382314,response
3,0.007965403534613946,response
4,0.6451976863037296,response
6,0.15134266715766498,response
7,0.02787891237114881,response
1,0.31682665868451454,results
2,0.1540533294521034,results
3,0.1569599960455393,results
4,0.07751110915829101,results
5,0.10851555282160742,results
7,0.06588444278454736,results
8,0.08816888666755603,results
9,0.031973332527795044,results
1,0.17931433646281567,revealed
2,0.11767503330372278,revealed
3,0.19892684201343613,revealed
4,0.288584010244844,revealed
5,0.1540982578977322,revealed
7,0.05883751665186139,revealed
10,0.0028017865072314948,revealed
1,0.9591341974759545,reverse
2,0.02028552185152166,review
6,0.6440653187858126,review
7,0.05071380462880415,review
8,0.06085656555456497,review
10,0.2180693599038578,review
1,0.9568825769553015,rhizosphere
7,0.9628450648763034,rhlr
10,0.9680021423911477,rice
5,0.9771252206770107,river
5,0.9830567681793568,rivers
4,0.9843766066191175,rna
4,0.9541855289695423,rna-seq
1,0.04706324425359413,role
2,0.12942392169738387,role
4,0.48533970636518947,role
5,0.020590169360947434,role
6,0.08236067744378973,role
7,0.0705948663803912,role
9,0.011765811063398532,role
10,0.1500140910583313,role
2,0.10683545586836472,roles
4,0.8867342837074272,roles
1,0.9531773559227921,roots
2,0.13044704358126394,roughness
8,0.8479057832782155,roughness
1,0.029786151229799003,rrna
2,0.19857434153199335,rrna
5,0.6652240441321777,rrna
10,0.09928717076599668,rrna
1,0.9473131901665837,saline
9,0.024290081799143173,saline
8,0.07012196540910624,saliva
9,0.26295737028414845,saliva
10,0.6661586713865093,saliva
9,0.03780312467384545,salivary
10,0.9072749921722909,salivary
1,0.3224070074349128,samples
5,0.5373450123915213,samples
7,0.007164600165220284,samples
8,0.13254510305657524,samples
7,0.9653224183837613,sap
1,0.5384371206484667,scanning
2,0.14239659389050358,scanning
3,0.2669936135446942,scanning
8,0.03114925491354766,scanning
9,0.017799574236312947,scanning
2,0.9823041979917125,seawater
4,0.8289530052204546,secretion
7,0.162830054596875,secretion
2,0.06899273358334128,sensing
3,0.0287469723263922,sensing
4,0.22422638414585916,sensing
6,0.03449636679167064,sensing
7,0.6439321801111854,sensing
1,0.027963511331332642,sequencing
2,0.09507593852653098,sequencing
4,0.12303944985786362,sequencing
5,0.6375680583543842,sequencing
10,0.1174467475915971,sequencing
1,0.9768569143982887,settlement
2,0.9896663022220843,shear
1,0.3362697695828071,showed
2,0.10367210287533184,showed
3,0.28842110671726934,showed
4,0.04784866286553777,showed
5,0.15816641336108317,showed
7,0.03854475619723876,showed
9,0.0252534609568116,showed
1,0.44126811809127414,significant
2,0.04076933699756337,significant
3,0.08153867399512674,significant
4,0.02398196293974316,significant
5,0.1510863665203819,significant
6,0.026380159233717476,significant
7,0.10312244064089558,significant
8,0.10072424434692127,significant
9,0.03357474811564042,significant
1,0.5350737714382724,significantly
2,0.053046106651208035,significantly
3,0.08302868867145606,significantly
4,0.020757172167864015,significantly
5,0.08072233620836006,significantly
7,0.12223668054408808,significantly
8,0.04382069679882403,significantly
9,0.04382069679882403,significantly
10,0.01383811477857601,significantly
1,0.12928300814990282,silver
2,0.017237734419987043,silver
3,0.8532678537893587,silver
8,0.9742804331207772,soft
1,0.8050303840876695,soil
2,0.1960971448418682,soil
8,0.9483934695675886,sonication
1,0.9914133480682977,space
1,0.3180168338483855,species
2,0.051615297640313876,species
3,0.016650096013004476,species
4,0.0666003840520179,species
5,0.0382952208299103,species
6,0.011655067209103134,species
7,0.3180168338483855,species
10,0.17982103694044835,species
5,0.16741102523911458,specimens
8,0.7324232354211263,specimens
9,0.10463189077444661,specimens
2,0.9525601634855956,srb
1,0.8545405157786603,staining
3,0.1201697600313741,staining
9,0.026704391118083134,staining
1,0.9670210493255248,stainless
1,0.011630788188552926,staphylococcus
3,0.6309702592289963,staphylococcus
5,0.2558773401481644,staphylococcus
6,0.09886169960269987,staphylococcus
10,0.9865669646798533,stent
10,0.9779821383329877,stents
8,0.9513172037856324,sterilization
1,0.35437917574589617,strain
2,0.006603338678494959,strain
4,0.5084570782441119,strain
6,0.002201112892831653,strain
7,0.1276645477842359,strain
1,0.1987855993103186,strains
3,0.09193833968102236,strains
4,0.03230265988792678,strains
5,0.503176048254244,strains
6,0.04596916984051118,strains
7,0.1279682295560176,strains
1,0.09601337772079466,strategies
2,0.07201003329059599,strategies
3,0.17402424711894032,strategies
6,0.5100710691417216,strategies
7,0.10801504993589399,strategies
8,0.036005016645297996,strategies
5,0.9207043165635118,stream
7,0.05261167523220068,stream
5,0.9497661568768824,streams
10,0.02793429873167301,streams
1,0.07043774363378534,streptococcus
4,0.016254863915488922,streptococcus
7,0.032509727830977844,streptococcus
8,0.06501945566195569,streptococcus
9,0.5309922212393049,streptococcus
10,0.28175097453514136,streptococcus
1,0.020997188650450638,stress
2,0.1679775092036051,stress
4,0.789494293256944,stress
6,0.01679775092036051,stress
1,0.17668458833046716,studies
2,0.0940417970146035,studies
3,0.2849751424684954,studies
6,0.2308298653994813,studies
7,0.0940417970146035,studies
8,0.014248757123424771,studies
10,0.10259105128865835,studies
1,0.31456630340741126,study
2,0.14481313200341184,study
3,0.160098962603772,study
4,0.03459424820081505,study
5,0.15768541040371511,study
6,0.0008045174000189546,study
7,0.07884270520185756,study
8,0.07079753120166801,study
9,0.03298521340077714,study
10,0.004022587000094773,study
8,0.9890456050566714,subgingival
1,0.010014100227188483,substrate
2,0.9513395215829058,substrate
3,0.030042300681565447,substrate
2,0.9672500717501308,sulfate
2,0.9647389154911067,sulfur
1,0.9539905899632091,suppression
1,0.12766900127916442,surface
2,0.401920929952925,surface
3,0.10087427261563607,surface
4,0.1150597172022099,surface
7,0.014185444586573823,surface
8,0.23642407644289704,surface
9,0.0015761605096193136,surface
1,0.4661677101995767,surfaces
2,0.18055791592237125,surfaces
3,0.11161762075201133,surfaces
7,0.03611158318447425,surfaces
8,0.11161762075201133,surfaces
9,0.006565742397177137,surfaces
10,0.08863752236189135,surfaces
8,0.9616967717328999,surgery
3,0.07239664075519316,surgical
8,0.9230571696287126,surgical
5,0.9670773332823946,surveillance
1,0.3002052893234664,susceptibility
5,0.4414783666521565,susceptibility
6,0.19425048132694886,susceptibility
7,0.06475016044231628,susceptibility
10,0.9687565027699058,symptoms
2,0.011821750193579445,synthesized
3,0.9220965150991967,synthesized
4,0.04728700077431778,synthesized
1,0.06911178689025203,systems
2,0.5425275270884784,systems
4,0.20733536067075609,systems
5,0.02764471475610081,systems
6,0.15204593115855447,systems
5,0.9882115057410121,taxa
5,0.9821447481813647,taxonomic
10,0.9781926216800367,taylor
8,0.9607534372932262,teeth
10,0.03099204636429762,teeth
3,0.9687932372328872,tem
1,0.20669566492803093,temperature
2,0.6717609110161006,temperature
4,0.11196015183601675,temperature
5,0.00861231937200129,temperature
1,0.03652868125366314,terms
2,0.044646165976699397,terms
3,0.02435245416910876,terms
9,0.8929233195339878,terms
1,0.39771701620968053,tested
3,0.4742010577884652,tested
5,0.09560505197348089,tested
7,0.02676941455257465,tested
9,0.003824202078939236,tested
3,0.33891850164124887,therapeutic
6,0.5719249715196074,therapeutic
7,0.09179042752783824,therapeutic
6,0.9815401631343816,therapeutics
3,0.1994364204689588,therapy
6,0.45677373720309916,therapy
7,0.09650149377530264,therapy
8,0.24447045089743336,therapy
1,0.0067498188851150285,tissue
3,0.12824655881718555,tissue
6,0.10124728327672543,tissue
7,0.1417461965874156,tissue
8,0.6209833374305826,tissue
2,0.047806057068290386,titanium
8,0.940185789009711,titanium
6,0.9585208658055,tobramycin
10,0.9771758956318756,tongue
8,0.6097005891487077,tooth
9,0.3484003366564044,tooth
10,0.0290333613880337,tooth
3,0.9590931506108916,topical
1,0.36801471196267926,total
2,0.16727941452849057,total
5,0.3429227997834057,total
8,0.10036764871709435,total
9,0.02090992681606132,total
10,0.9904837190378385,trading
4,0.993035370546875,transcription
4,0.9919582681408038,transcriptional
4,0.9780902774801536,transcriptomic
4,0.9734646656835115,transduction
1,0.7656011601279359,treated
3,0.1726355557151228,treated
5,0.03002357490697788,treated
6,0.03002357490697788,treated
9,0.00750589372674447,treated
1,0.19111298426466436,treatment
2,0.12348838983255235,treatment
3,0.16759138620132105,treatment
5,0.04557309624772765,treatment
6,0.23815618039135095,treatment
7,0.05880399515835826,treatment
8,0.16759138620132105,treatment
9,0.007350499394794783,treatment
10,0.9472629132299892,trees
7,0.9438863255130554,tropicalis
10,0.9521154340240429,tumor
1,0.16603542840230956,type
2,0.027672571400384923,type
4,0.5732175504365449,type
5,0.22928702017461794,type
1,0.9689423696652254,typhimurium
5,0.9751010607572177,typing
9,0.9903466346865183,unrestricted
5,0.9750052113758263,upec
4,0.9668362006285037,upregulated
5,0.9829381842384495,urban
1,0.048767537703468034,use
2,0.13692424047512178,use
3,0.12754586783983948,use
5,0.011254047162338777,use
6,0.12754586783983948,use
7,0.022508094324677555,use
8,0.11066479709633131,use
9,0.41077272142536536,use
1,0.267219689504359,used
2,0.20995832746771062,used
3,0.22464072798992815,used
5,0.020555360731104536,used
6,0.03964248140998732,used
7,0.054324881932204847,used
8,0.14829224527439702,used
9,0.036706001305543814,used
1,0.3453831858581665,using
2,0.17647316065745733,using
3,0.2079862250605747,using
5,0.09579971578547684,using
6,0.021428883794119818,using
7,0.03151306440311738,using
8,0.056723515925611284,using
9,0.04789985789273842,using
10,0.018907838641870428,using
5,0.978134685052118,uti
7,0.9671651448872464,vaginal
10,0.9304882048510039,veillonella
1,0.8323770991744095,viable
2,0.0876186420183589,viable
6,0.07301553501529909,viable
6,0.9485376699104722,viral
4,0.27082620136250835,virulence
5,0.07163789842492158,virulence
7,0.656971946530988,virulence
2,0.9756628249780013,waste
2,0.911572482248556,wastewater
5,0.077730986858404,wastewater
1,0.4576010415269733,water
2,0.3008303143371769,water
5,0.24151166080590256,water
5,0.9697915576055669,waters
1,0.23344652407348365,weeks
8,0.7542118470066395,weeks
4,0.9804399417901425,wild-type
1,0.025842101823223808,women
7,0.9561577674592809,women
3,0.4474805956992994,wound
6,0.547662818617053,wound
3,0.062029531201498046,wounds
6,0.9201047128222211,wounds
8,0.010338255200249674,wounds
5,0.9651545859228202,wwtp
1,0.36079691624185994,yeast
7,0.6313946034232549,yeast
10,0.9897361821216233,zno
